StartDate,EndDate,Status,Progress,Duration (in seconds),Finished,RecordedDate,ResponseId,RecipientLastName,RecipientFirstName,RecipientEmail,ExternalReference,LocationLatitude,LocationLongitude,DistributionChannel,UserLanguage,CONSENTFORM,ID_Prolific,VAL_1,VAL_2,VAL_2_4_TEXT,VAL_3,Q1.1,Q1.2,Q1.3,Q1.3_5_TEXT,Q1.3_6_TEXT,Q1.4,Q1.5,Q1.6,Q1.7,Q1.7_10_TEXT,Q1.8,Q1,Q2,Q3,Q4,Q5,Q6,Q7,Q8,Q9,Q10,Q3.1,Q3.2,Q3.3,Q3.4,Q3.5,Q3.6,Q3.7,Q3.8,Q3.9,Q3.10,Q3.11,Q3.12,Q4.1,Q4.2,Q4.3,Q4.4,Q4.5,Q4.6,Q4.7,Q5.1,Q5.2,Q6.1,Q6.1_4_TEXT,Q6.2,Q6.2_4_TEXT,Q7.1,Q8.1,Q8.2,Q8.3,SC1,SC2,SC3,SC4,SC5,SC6,SC7,SC8,SC9,SC10,PROLIFIC_PID,Condition,CorrectAnswers
30/09/2022 18:06,30/09/2022 18:30,0,100,1492,1,30/09/2022 18:30,R_3gMYR6Y55mHg3oH,,,,,54.9353,-3.9551,anonymous,EN-GB,45,5e9f897c20320b000b1cc4cb,2,1,,"1,2,3,13",1,4,6,,Student,1,5,5,"1,2,3,4,5,6,7,8,9",,3,2,4,2,4,2,1,3,4,2,3,2,4,2,6,6,1,6,7,7,7,6,7,7,6,2,It said He instead of she,1,I cannot think,6,6,6,1,,1,,No,1,4,2,20,22,8,13,20,4,10,12,61,6,,WATCHB,4
01/10/2022 13:58,01/10/2022 14:23,0,100,1509,1,01/10/2022 14:23,R_8tX4UOSXu955j0J,,,,,51.141,0.8238,anonymous,EN-GB,45,62cd6d4782c0ed3aa97b5ea4,3,1,,"1,3,13",2,4,,,,2,2,3,"1,2,4,5,7",,3,2,4,1,2,4,1,1,2,3,3,2,5,3,3,4,2,2,3,2,3,2,2,6,3,3,Sometimes the pronouns changed making it difficult to understand the story thread,2,None,3,2,2,1,,1,,I found the clip overly melodramatic and not very realistic,1,2,3,7,17,10,9,7,4,5,4,33,5,,WATCHB,4
01/10/2022 16:00,01/10/2022 16:25,0,100,1520,1,01/10/2022 16:25,R_1EXnOBvk8zmdgX5,,,,,51.5518,-0.1345,anonymous,EN-GB,45,63179f0044b495e2d40f9dae,2,1,,"1,2",1,5,6,,Project Analyst,1,4,3,"3,10",Comedy,2,2,3,1,4,4,2,4,1,2,3,3,2,2,3,2,2,2,2,3,4,2,5,7,7,6,I'm not a native Spanish speaker so names and certain phrases were hard to follow.,6,I like how romantic the Spanish language seems. Like 'my love' and those terms of endearment ,7,4,2,1,,1,,no,,,,7,33,7,7,11,10,7,6,32,0,,WATCHC,10
30/09/2022 19:19,30/09/2022 19:44,0,100,1523,1,30/09/2022 19:44,R_OMYS5TiYlLisE5b,,,,,53.5197,-2.2109,anonymous,EN-GB,45,5feb9a64d42dc5c4926ffe03,2,1,,"1,2,3,13",2,4,6,,Ecommerce,1,2,3,2,,4,1,1,2,4,2,1,1,4,2,3,5,5,5,3,3,5,2,2,1,2,1,2,6,5,5,I do not think they were hard to understand,4,I just sailed through it. I understood the story so i dont think it was hard or easy. ,5,4,2,1,,1,,None,,,,5,25,15,11,5,3,5,6,36,0,,WATCHA,3
30/09/2022 19:18,30/09/2022 19:44,0,100,1536,1,30/09/2022 19:44,R_1OT8JHmjjocSeTr,,,,,53.8554,-1.5492,anonymous,EN-GB,45,5df15288b1fb0506c5fc6afb,2,1,,"1,3,10,13",1,4,6,,scientist,2,2,2,"1,3,4,8",,3,2,3,1,4,4,2,4,1,2,3,2,2,2,3,3,3,4,3,4,3,3,5,7,7,6,none,3,none,6,3,1,1,,1,,,,,,11,29,6,9,11,10,4,4,37,0,,WATCHC,10
30/09/2022 19:18,30/09/2022 19:44,0,100,1539,1,30/09/2022 19:44,R_pQTSAV7voRpNqBX,,,,,54.0479,-2.7977,anonymous,EN-GB,45,5f4353966486995aadc7f6a3,2,1,,"1,2,3,10,13",1,5,6,,Software Developer,1,1,2,"1,2,3,4",,3,2,3,1,3,4,2,4,1,2,3,2,5,6,3,3,6,2,2,4,2,2,5,6,3,2,"Sometimes it didn't make sense, they referred to words which were out place, and they misgendered things which took me a bit to work out",2,"I don't have any examples sorry, I didn't like a lot of it sorry",4,5,2,1,,1,,,3,2,2,8,17,13,12,9,9,3,7,42,6,,WATCHB,9
30/09/2022 19:19,30/09/2022 19:45,0,100,1543,1,30/09/2022 19:45,R_2akQ038ukYrnvht,,,,,53.3861,-1.4065,anonymous,EN-GB,45,5e53e8d0a0002e3ee42be086,2,1,,"1,2,3,9",1,2,6,,Customer Service,1,3,3,"1,2,5",,3,2,3,2,2,2,1,4,2,2,3,7,7,7,7,7,7,7,6,6,7,5,7,7,7,7,N/A,4,N/A,7,7,7,1,,1,,,,,,19,32,21,21,19,5,6,14,80,0,,WATCHA,5
30/09/2022 19:18,30/09/2022 19:44,0,100,1548,1,30/09/2022 19:44,R_2YKat4NFPcFLoOK,,,,,54.5396,-5.975,anonymous,EN-GB,45,5ec6d054e1f1a71078cfbcda,3,1,,2,2,2,,,,1,2,2,4,,2,2,1,1,2,4,2,4,1,2,3,2,1,1,2,2,2,1,1,1,4,1,2,5,5,3,"Not that i could not understand them, but the text was a bit too fast for me at times.",2,was not into the story at all.,2,1,1,1,,1,,no,,,,3,17,4,6,7,8,4,2,20,0,,WATCHA,8
01/10/2022 14:08,01/10/2022 14:34,0,100,1551,1,01/10/2022 14:34,R_1nZ8eqSH8gU1clP,,,,,50.9469,-1.4112,anonymous,EN-GB,45,62d81f26161631255f0d36bd,2,1,,"1,2,8,13",2,3,,,,1,3,2,"4,5,7",,3,2,4,3,2,4,1,3,1,4,3,2,5,3,1,1,1,2,5,2,5,4,5,6,6,6,N/A,2,N/A,6,5,2,1,,2,,Video clip too long,,,,9,26,10,3,14,4,5,7,36,0,,WATCHC,4
30/09/2022 19:19,30/09/2022 19:45,0,99,1559,0,30/09/2022 23:19,R_VLqE2jjf9B0JsGJ,,,,,,,anonymous,EN-GB,45,5c8cdc31745b370017d73ece,2,1,,"1,2,3,10,13",1,4,6,,Civil Servant,2,2,4,"1,2",,2,2,3,1,3,4,1,4,1,2,4,6,5,5,6,5,5,6,6,5,5,5,5,6,6,7,N/A,5,Basta,6,5,5,1,,1,,It was quite an entertaining clip,,,,17,30,16,16,15,7,6,10,64,0,,WATCHA,7
30/09/2022 19:22,30/09/2022 19:48,0,100,1560,1,30/09/2022 19:48,R_8bTFWWEqGLfx7wt,,,,,53.3562,-1.2939,anonymous,EN-GB,45,55cff4a834e9060012e57407,2,1,,"1,2,11,12,13",1,4,"1,3",,,2,4,5,"1,2,4,5",,4,2,3,1,4,4,2,4,1,2,1,3,3,3,6,5,7,6,6,5,6,5,7,7,6,6,"Personally, I didn't find anything in the subtitles difficult to understand so I unfortunately do not have any feedback to provide for this question.",4,"I liked the translation of ""corazon"" to ""soul"", instead of just heart, as it felt more deep and powerful when the lady who wanted to have a child (Moniqua?) was upset at Horacio. ",6,7,6,1,,1,,I actually really enjoyed the show and I would like to see more!,,,,17,29,9,18,18,9,9,13,62,0,,WATCHA,9
30/09/2022 19:18,30/09/2022 19:45,0,100,1569,1,30/09/2022 19:45,R_3PdVVzC7HB5asae,,,,,52.1932,0.1426,anonymous,EN-GB,45,6149cdfabc3c34aedf3cdf90,2,1,,"1,2,3,8,9,10,13",1,4,6,,,1,4,4,"4,5,8",,5,2,3,1,2,4,2,4,2,2,3,2,2,3,6,6,5,3,2,2,5,2,6,3,2,2,"Pronoun mixups. Often they would say he/him when I thought they meant 'you' or 'she' etc.
Literal translations of phrases. 
""I gave myself licenses"" ",1,None,3,5,1,1,,1,,No,2,2,3,7,11,7,17,13,8,8,6,44,6,,WATCHB,8
30/09/2022 19:19,30/09/2022 19:45,0,100,1570,1,30/09/2022 19:45,R_agYTCfSZ730DBSN,,,,,51.5026,-0.066,anonymous,EN-GB,45,5d66f49c531d6e0001e99e8a,2,1,,"1,2,3",1,2,,,,1,4,4,"1,2",,3,2,3,1,4,4,2,1,1,2,1,5,4,5,5,4,5,4,4,4,5,4,5,7,6,7,I didn’t find any words or sentences difficult to understand ,2,"I don’t think I specifically liked any words or sentences but I liked how thorough the subtitles were, you could tell it was translated well. ",7,5,5,1,,1,,N/A,,,,12,29,14,14,14,8,8,10,54,0,,WATCHC,8
01/10/2022 13:50,01/10/2022 14:16,0,100,1573,1,01/10/2022 14:16,R_vBT820zq1X7fqlH,,,,,49.4943,0.1018,anonymous,EN-GB,45,6158654883a52df1e1cb1ee8,2,1,,"1,3,13",3,3,5,Student - German and French,,2,2,4,4,,3,2,3,1,2,2,2,4,1,2,3,6,6,7,5,5,6,5,7,6,6,2,6,7,7,7,Nond,4,n/a,7,7,6,1,,1,,"If this is a real show, please let me know what it is",,,,18,32,19,16,14,8,6,13,67,0,,WATCHC,8
30/09/2022 19:18,30/09/2022 19:44,0,100,1583,1,30/09/2022 19:44,R_3frd6VlI3FXCPmN,,,,,53.6257,-1.2978,anonymous,EN-GB,45,62682277645054f5802459b8,4,1,,"2,13",2,4,,,,1,2,2,"1,2,6",,2,2,3,2,3,3,2,3,3,2,3,3,1,1,1,2,1,1,1,1,1,1,1,7,7,7,nothing difficult to understand,1,nothing in particular to like,7,1,1,1,,1,,It was a very long 19 minutes and 26 seconds!,,,,3,29,5,4,3,5,4,2,15,0,,WATCHA,5
30/09/2022 19:19,30/09/2022 19:45,0,100,1599,1,30/09/2022 19:45,R_27NzXVdp8ide5H0,,,,,51.6484,-0.4931,anonymous,EN-GB,45,6303f33429532f63be49957c,3,1,,"1,13",2,4,6,,Administrator,4,4,5,"1,4,5,6,7",,2,2,3,1,3,4,2,4,1,2,3,3,3,7,3,3,5,6,6,6,6,4,7,7,6,7,N/A,4,"The part about him being too ugly, and his retort.",7,7,7,1,,1,,N/A,,,,18,31,13,11,17,9,9,14,59,0,,WATCHA,9
01/10/2022 14:13,01/10/2022 14:40,0,100,1606,1,01/10/2022 14:40,R_3gUcVlSA8lP7qkr,,,,,52.4867,-1.8989,anonymous,EN-GB,45,62fbcd8464129b57a0f248db,3,1,,"1,2,3,13",2,4,6,,Teacher,1,2,3,"1,2,4",,3,2,4,2,4,4,2,3,1,2,3,1,1,1,3,3,3,1,1,1,1,1,1,2,1,1,The mother talking to her son made no sense. It said he and him a lot when it meant she and her. Phrases made no sense when literally translated to English. ,1,None,1,1,1,2,,1,,No,2,1,2,3,6,3,9,3,7,5,2,18,4,,WATCHB,7
01/10/2022 14:08,01/10/2022 14:35,0,100,1610,1,01/10/2022 14:35,R_dg2ZzuCeQmZUdkB,,,,,53.4113,-2.9759,anonymous,EN-GB,45,5c9945a470be990016d10a62,2,1,,"1,2,3",1,4,6,,,1,2,3,"1,3,4,5,7",,3,1,3,2,2,2,1,3,3,2,2,4,4,3,2,3,3,3,3,2,4,4,6,7,6,6,none that were difficult to understand,4,none specifically come to mind,5,4,3,1,,1,,none,3,3,2,8,28,11,8,14,2,5,7,41,7,,WATCHB,2
30/09/2022 19:08,30/09/2022 19:35,0,100,1616,1,30/09/2022 19:35,R_2sYKOMBAZubBiSK,,,,,52.4677,-2.1472,anonymous,EN-GB,45,61220ff954b4577ac82df3c1,3,1,,"1,2,3,13",1,3,6,,Administrator,1,1,1,"1,2,3,4,5,8",,3,2,3,1,4,4,2,4,1,2,3,2,2,2,2,2,2,2,2,2,2,2,6,7,6,6,Not applicable,4,Not applicable.,6,2,1,1,,1,,"I found it hard to watch as wanted to watch the characters and what they were doing, but had to read everything to understand what was going on.  I don't like subtitles for this reason.  I prefer to watch what is happening while listening.",,,,6,29,6,6,10,10,2,3,28,0,,WATCHC,10
30/09/2022 19:18,30/09/2022 19:45,0,100,1616,1,30/09/2022 19:45,R_3MoeONBzjyzYOSR,,,,,51.4674,-0.3556,anonymous,EN-GB,45,5b7467ea50075a0001107043,3,1,,"1,2,3,8,10,13",1,4,6,,policing,1,5,5,"1,2,4,5",,4,2,3,1,4,4,2,4,1,2,3,5,6,5,5,5,5,4,3,3,5,5,5,7,7,7,none,4,none,6,5,3,1,,1,,,,,,10,31,16,15,15,10,10,8,56,0,,WATCHC,10
30/09/2022 19:19,30/09/2022 19:46,0,100,1619,1,30/09/2022 19:46,R_OdTirKudUmJnF8l,,,,,55.9062,-3.1305,anonymous,EN-GB,45,5e0dd8f36f6c6354500b6208,4,1,,"1,13",1,2,6,,,2,5,5,"1,5",,1,2,3,2,2,4,2,4,1,2,3,3,3,3,3,3,3,5,3,5,3,1,3,7,7,7,n/a,4,n/a,6,4,1,1,,1,,I'm not a fan of soaps so it's not something I would normally watch,,,,13,31,9,9,7,8,10,5,38,0,,WATCHA,8
30/09/2022 18:09,30/09/2022 18:36,0,100,1620,1,30/09/2022 18:36,R_1QmtYghDs8yhAQo,,,,,52.4778,-0.708,anonymous,EN-GB,45,5edcfa628bac5a0334a89583,3,1,,"1,2,3,13",2,4,6,,office worker,1,4,3,"1,2,3,4",,3,2,3,1,4,4,1,4,1,2,3,3,4,7,7,7,7,7,7,5,5,3,7,5,3,3,There ere a couple of times he should have been she. Also there were words used that were not english at some point. ,4,Nothing really.,3,6,5,1,,1,,Thanks for your time. ,2,2,3,19,18,14,21,15,9,7,11,69,6,,WATCHB,9
30/09/2022 19:19,30/09/2022 19:46,0,100,1624,1,30/09/2022 19:46,R_8AKZ604oteT00aB,,,,,54.6534,-5.6689,anonymous,EN-GB,45,615776777c08445c8ffd8d1b,3,1,,"1,3,13",1,4,,,,1,2,3,"1,4",,3,2,3,2,4,4,2,3,1,2,3,6,6,6,5,5,5,5,5,5,5,3,6,7,6,6,all sentences were easy to understand,4,when one character called the other ugly,6,5,3,1,,1,,no,,,,15,29,18,15,14,8,5,8,62,0,,WATCHA,8
30/09/2022 18:01,30/09/2022 18:28,0,100,1632,1,30/09/2022 18:28,R_1itvxPgdOrakQXP,,,,,50.82,-1.0664,anonymous,EN-GB,45,5a764e848fe2dc000105739c,4,1,,"1,13",2,3,6,,delivery driver,1,4,4,"1,2",,2,2,3,1,4,4,2,4,1,2,3,5,7,7,7,7,7,6,6,6,6,4,5,6,6,6,none,2,none,6,7,6,1,,1,,no,,,,18,26,19,21,15,10,8,13,73,0,,WATCHC,10
30/09/2022 19:18,30/09/2022 19:45,0,100,1639,1,30/09/2022 19:45,R_2aenduAeetifpFQ,,,,,56.0348,-3.4981,anonymous,EN-GB,45,5c6c08c5d9c1580001ce9aab,3,1,,"1,2,10",1,4,6,,housewife,2,3,4,"1,2,3,4,5,7,8",,3,2,2,2,4,4,2,3,1,2,3,5,4,5,5,6,5,3,1,1,2,1,4,5,3,2,"Sometimes they said ""he"" but I'm sure they meant ""she"" or ""it"" which confused and threw me off. Also, at one point the spelled out the word in Spanish but it's different in English so didn't make sense.",2,n/a,4,2,1,1,,1,,,3,4,2,5,16,14,16,7,7,7,3,42,8,,WATCHB,7
30/09/2022 16:03,30/09/2022 16:31,0,100,1640,1,30/09/2022 16:31,R_1pXUHe3m1OYJ2dJ,,,,,52.5678,1.662,anonymous,EN-GB,45,5fcd709227fabfc6ca7a969e,2,1,,"1,2,3,11,13",1,4,,,,1,3,4,"2,4,10",horror,3,2,3,1,4,4,2,4,1,3,3,6,5,6,3,5,3,6,5,5,5,3,4,7,6,6,not applicable,4,none stood out to me really,6,3,1,1,,1,,no,,,,16,29,17,11,12,9,7,4,56,0,,WATCHA,9
30/09/2022 19:22,30/09/2022 19:49,0,100,1646,1,30/09/2022 19:49,R_3MLnvTXrjeNU4f8,,,,,53.4344,-2.2664,anonymous,EN-GB,45,5d5a75c570a7c1000152623e,3,1,,"1,13",2,7,,,,1,3,4,"3,5,6",,2,2,3,1,4,4,2,4,1,2,3,1,6,3,5,5,5,5,1,5,3,3,6,6,7,7,"None. They were all easy to understand. However, the pace was such that I wasn't always able to read the subtitles quickly enough.",4,There were no words that I liked or disliked more than any others.,6,5,4,1,,1,,Thank you. This looks like really interesting research. I hope that it goes well.,,,,11,30,10,15,12,10,7,9,48,0,,WATCHC,10
30/09/2022 19:18,30/09/2022 19:46,0,100,1647,1,30/09/2022 19:46,R_2UfMMsDjzeYvwKy,,,,,53.7552,-1.7594,anonymous,EN-GB,45,62b8b2be4c2b1d481f4f68c0,3,1,,"1,2,3,13",2,4,,,,1,3,3,"1,2,3,4,5,7",,3,2,2,1,2,2,2,4,3,2,3,2,2,2,2,3,2,1,2,2,4,3,5,3,2,2,The subtitles seemed to mix up pronouns quite a bit so it was confusing about which characters they were referring to.,4,Nothing really stood out for me.,2,3,1,1,,1,,The subtitles drew me away from the scenes to be honest.  I found they made it more difficult to follow what was going on.,2,1,2,5,13,6,7,12,6,6,4,30,4,,WATCHB,6
30/09/2022 19:19,30/09/2022 19:47,0,99,1655,0,30/09/2022 23:19,R_30kvs14OutIj51M,,,,,,,anonymous,EN-GB,45,606451b5aab2ec4afaae10f4,2,1,,1,2,2,6,,I.T,2,2,3,"2,4,5,7",,2,2,3,1,4,4,2,4,3,2,3,2,2,1,3,3,6,4,4,4,4,2,6,7,7,7,I understood all the subtitles,4,n/a,6,3,1,1,,1,,no,,,,12,31,5,12,12,9,5,4,41,0,,WATCHA,9
30/09/2022 19:18,30/09/2022 19:45,0,100,1658,1,30/09/2022 19:45,R_11XYo1RtIRYxAMt,,,,,53.4155,-2.122,anonymous,EN-GB,45,600713a1ef06551629886703,2,1,,"1,2,3,7,8,9,10,11,13",1,3,,,,2,5,4,"1,2,3,4,5,8",,4,2,3,1,4,4,2,4,1,2,1,7,7,7,7,7,7,1,7,7,6,5,7,7,7,7,na,4,na,7,7,7,1,,1,,I will probably find this now to continue watching properly as I was hooked!!,,,,15,32,21,21,18,9,9,14,75,0,,WATCHA,9
01/10/2022 14:19,01/10/2022 14:47,0,100,1658,1,01/10/2022 14:47,R_1dcLZQjzO4TQxPX,,,,,55.8995,-3.5237,anonymous,EN-GB,45,"62cbebe257763989bdbe1b14
",2,1,,"1,2,3,9,10,13",1,4,,,,1,4,5,"1,3,5,8,9",,3,2,3,1,4,4,2,4,1,2,2,2,5,3,6,6,6,6,6,2,5,3,6,6,6,6,n/a,6,When Mr. Nelson told his friend that he was ugly - it had quite a bit of humour in it which I liked,6,6,3,1,,1,,n/a,,,,14,30,10,18,14,9,9,9,56,0,,WATCHA,9
30/09/2022 19:19,30/09/2022 19:47,0,100,1666,1,30/09/2022 19:47,R_2XgGkI9PCKHhLpu,,,,,50.368,-4.1329,anonymous,EN-GB,45,5b97f2375612b30001acc4c9,3,1,,"1,2,13",1,3,4,,,2,2,4,"1,2,4,5,7,8",,3,2,3,1,4,4,2,4,4,2,3,7,7,7,7,7,7,7,7,6,6,6,7,7,7,7,I found it all very easy to understand,4,I found that the whole subtitle was likeable,7,7,7,1,,1,,I wanted to know what happened to Jimmy,,,,20,32,21,21,19,9,6,14,81,0,,WATCHC,9
30/09/2022 19:23,30/09/2022 19:51,0,100,1666,1,30/09/2022 19:51,R_3Eg0BkJYvkAdpjx,,,,,52.0618,1.156,anonymous,EN-GB,45,60886f033e4f5c214da0c898,3,1,,13,1,5,3,,,1,1,2,"1,3,5",,1,2,3,2,4,4,2,4,1,2,3,1,3,5,3,3,3,6,5,6,5,5,6,7,7,7,I only noticed one time where a word didn't make sense - I think it was intuition,5,Some sounded nice in Spanish and some like English,7,5,1,2,,1,,"No, thanks",,,,17,33,9,9,16,9,3,6,51,0,,WATCHC,9
30/09/2022 14:59,30/09/2022 15:27,0,100,1667,1,30/09/2022 15:27,R_cvgoqik0peOhZmx,,,,,53.8226,-1.568,anonymous,EN-GB,45,5cc747f20e1199001a73462e,3,1,,"1,2,13",1,4,4,,,1,3,4,"1,2,3,4",,3,2,3,1,4,4,2,4,1,2,3,5,3,5,6,6,6,3,2,2,1,3,1,7,4,7,not applicable,1,not applicable,4,5,1,1,,1,,The acting was very cheesy and that is why I could not empathise with the characters - it was nothing to do with the language or use of subtitles,,,,7,23,13,18,5,10,7,6,43,0,,WATCHA,10
30/09/2022 14:57,30/09/2022 15:25,0,100,1675,1,30/09/2022 15:25,R_1opDkR4zC2nWD6P,,,,,51.372,0.454,anonymous,EN-GB,45,5e5aa39b15b8d429d07abfd4,4,1,,"1,2,13",1,3,6,,,1,2,4,"1,2",,3,2,3,1,2,4,2,4,2,2,3,3,3,3,6,6,5,2,5,3,2,2,6,6,6,6,n/a,5,n/a,6,6,5,1,,1,,,,,,10,29,9,17,10,8,6,11,46,0,,WATCHA,8
30/09/2022 19:18,30/09/2022 19:46,0,100,1677,1,30/09/2022 19:46,R_1g1kUCSuEblISeg,,,,,55.0101,-1.8818,anonymous,EN-GB,45,60aecded93eb495d413a482b,2,1,,"1,2,3",1,4,"4,6",,Bid writer and trainee counsellor,2,2,4,"1,3,4,8",,3,2,3,1,4,4,2,4,1,2,4,3,2,2,2,3,2,3,3,5,4,3,6,6,6,7,N/A,3,N/A,6,6,2,1,,1,,No,,,,11,28,7,7,13,9,6,8,38,0,,WATCHA,9
30/09/2022 18:09,30/09/2022 18:37,0,100,1680,1,30/09/2022 18:37,R_4TnrHYh75SyXKet,,,,,52.9292,-1.1065,anonymous,EN-GB,45,62029c60ef1cb18a1337c9d4,4,1,,"1,2,13",1,3,,,,1,2,1,"1,2,4",,2,2,3,2,2,1,4,4,4,1,3,3,4,5,6,6,6,3,7,4,7,1,7,7,7,7,none,4,none,6,6,7,1,,1,,They speak to fast,,,,14,31,12,18,15,4,3,13,59,0,,WATCHA,4
01/10/2022 13:59,01/10/2022 14:27,0,100,1680,1,01/10/2022 14:27,R_332yioZSCI52HIv,,,,,53.1515,-0.5563,anonymous,EN-GB,45,5e73ac905d5382315d4c898c,2,1,,"1,3,13",1,3,,,,1,5,5,"1,2,4,5",,3,2,3,1,4,4,2,4,1,2,3,6,6,3,6,6,6,5,6,4,3,3,5,7,6,6,,4,"There were none that i particularly liked, the subtitles were only there to improve my understanding of the situations and so i did not focus much and particular sentences or grammar",6,6,5,1,,1,,,,,,15,29,15,18,11,10,10,11,59,0,,WATCHC,10
30/09/2022 19:21,30/09/2022 19:49,0,100,1682,1,30/09/2022 19:49,R_SJjAaSlr7vwInxD,,,,,56.0118,-4.594,anonymous,EN-GB,45,5b2a72f7c293b90001732b89,2,1,,"2,3",1,2,,,,2,2,4,"1,2",,3,2,3,1,4,4,1,4,1,2,3,2,3,6,5,5,6,2,3,1,3,1,5,6,5,1,"There was one time where the pronouns had changed to ""he"" and ""him"" when referring to Mrs Andrea. And there were sentences that didn't make sense or they felt completely out of context. One was when the son was talking to his mum at the table and he said something like ""It has gone completely out of the kitchen"". And when one of the mechanics was talking to the other, he said ""Let it be mild"" when it didn't fit the conversation. There were others too that I can't remember.",4,I can't think of any words or sentences that I specifically liked,6,5,2,1,,1,,I enjoyed this study. I have never done one like this before.,2,4,2,6,22,11,16,9,9,6,7,42,7,,WATCHB,9
01/10/2022 14:11,01/10/2022 14:39,0,100,1686,1,01/10/2022 14:39,R_1K7mWojYiS12FuA,,,,,51.4023,0.0458,anonymous,EN-GB,45,632c673f8b99c86ac2fba537,3,1,,"2,13",2,4,6,,,2,3,3,"1,2,6",,3,2,3,1,4,4,2,4,2,2,3,5,5,5,5,5,5,4,4,5,5,5,6,6,6,7,It was all clear to me as I'm used to subtitles,4,Matching the Spanish to the English was interesting particularly the phrases used by the pregnant woman leaving,6,5,4,1,,1,,You couldn't full screen the YouTube player,,,,13,29,15,15,16,9,6,9,59,0,,WATCHA,9
30/09/2022 19:19,30/09/2022 19:47,0,100,1708,1,30/09/2022 19:47,R_3KGVefGFS64IItf,,,,,51.4866,-3.1549,anonymous,EN-GB,45,5ebeeee819e5db2afa954e4d,2,1,,"1,2,3,11",3,3,6,,Team Member (Restaurant),2,5,5,"1,3,4",,3,2,3,1,4,2,1,4,4,2,3,1,2,1,3,5,3,3,6,2,5,2,6,6,5,6,n/a,2,n/a,6,5,3,1,,1,,no,,,,11,25,4,11,13,7,10,8,39,0,,WATCHC,7
01/10/2022 14:14,01/10/2022 14:43,0,100,1714,1,01/10/2022 14:43,R_XIjvCHYGKVNcQYp,,,,,51.6663,-3.2506,anonymous,EN-GB,45,62ed12acf6326dfba8a97280,3,1,,"1,3",1,4,6,,Primary school teacher ,1,2,4,"1,2,3,5",,3,2,3,1,4,2,1,4,1,2,3,3,3,5,3,3,5,1,2,3,3,2,5,7,6,6,"The scene with the doctor, he used another word for advice / instruction which did not make sense. ",5,You cut me deep,5,5,3,1,,1,,No,,,,6,29,11,11,10,8,6,8,38,0,,WATCHC,8
30/09/2022 17:42,30/09/2022 18:11,0,100,1716,1,30/09/2022 18:11,R_UzJkV8ZiOxxEIDL,,,,,51.4866,-3.1549,anonymous,EN-GB,45,60ab89e5724c7a29c4555ec8,2,1,,"1,2,13",1,4,6,,Architecture,2,5,5,"1,2,3,4",,2,2,3,1,4,4,2,3,1,2,3,7,6,7,6,7,6,6,7,1,5,5,5,7,6,7,-,4,-,6,7,6,1,,1,,no,,,,14,30,20,19,15,9,10,13,68,0,,WATCHC,9
30/09/2022 16:05,30/09/2022 16:34,0,100,1719,1,30/09/2022 16:34,R_2VgRel6ZcitUgdC,,,,,51.6552,-0.3879,anonymous,EN-GB,45,62ac70639dc3d309ce84b380,2,1,,"1,2,10,13",2,4,6,,office work,3,4,5,"3,4,9",,3,2,1,2,2,2,1,4,1,2,3,3,5,3,3,5,3,2,1,2,4,1,4,6,5,7,n/a,4,n/a,5,4,3,1,,2,,no,,,,5,27,11,11,9,5,9,7,36,0,,WATCHA,5
30/09/2022 19:19,30/09/2022 19:48,0,100,1722,1,30/09/2022 19:48,R_yEcVdv0JqsYiLW9,,,,,51.5095,-0.0955,anonymous,EN-GB,45,5afdc329fca92600012695ca,3,1,,"1,2,3,13",1,2,6,,Credit Controller,2,2,1,"1,2,4",,3,2,3,1,4,4,2,3,1,2,3,2,3,5,7,7,7,5,2,5,6,5,6,3,2,1,"There were sentences that referred to the wrong person, so it said he or him, rather than she or her. In one scene where they were talking about Gina & Pedro the subtitles did not relate to the conversation and did not make sense.",5,When they were talking about having a child and he was willing to let her go so that she could go and live her dream. It was a sacrifice because he loved her.,3,5,3,1,,1,,It was sometimes hard to understand the subtitles as they did not make sense and then it was difficult to follow exactly the story,2,2,2,12,14,10,21,17,9,3,8,60,5,,WATCHB,9
30/09/2022 19:00,30/09/2022 19:28,0,100,1725,1,30/09/2022 19:28,R_UcsbNsKpk9gfgyt,,,,,53.8119,-3.0226,anonymous,EN-GB,45,614c8dd508d065d05cc8dd11,3,1,,"1,2,3,9,13",1,4,"4,6",,Historian,3,5,5,"1,2,3,5",,5,2,3,1,4,4,3,4,1,2,3,7,6,7,7,7,7,6,6,6,6,5,6,7,7,7,N/A,4,N/A,7,7,7,1,,1,,N/A,,,,18,32,20,21,17,9,10,14,76,0,,WATCHA,9
30/09/2022 19:18,30/09/2022 19:47,0,100,1730,1,30/09/2022 19:47,R_2wzycm9BcafYGid,,,,,51.5808,-0.3793,anonymous,EN-GB,45,6315fe25e70567e43c4febdb,3,1,,"2,13",2,2,6,,Administrator ,1,4,3,"1,2",,2,2,3,4,4,4,2,3,1,2,3,3,6,4,3,3,4,5,6,3,3,1,5,7,6,7,All were clear.,3,Can't recall any.,6,3,1,1,,1,,No,,,,14,29,13,10,9,8,7,4,46,0,,WATCHC,8
30/09/2022 19:20,30/09/2022 19:49,0,100,1743,1,30/09/2022 19:49,R_2ccqpQcM7IN6mLI,,,,,51.2604,-1.0825,anonymous,EN-GB,45,62ebdf145cae8113bb5b1140,2,1,,"1,2,3,11,12",2,3,6,,,2,2,3,"4,10",Anime,2,2,3,1,4,4,2,4,1,2,3,6,4,5,5,6,6,6,6,5,5,5,6,7,7,7,They're were none,4,They're were none,7,6,4,1,,1,,No,,,,17,32,15,17,16,10,5,10,65,0,,WATCHA,10
30/09/2022 19:18,30/09/2022 19:47,0,100,1746,1,30/09/2022 19:47,R_2P7hJKPC0jB2a2e,,,,,51.4537,-0.232,anonymous,EN-GB,45,60fd30932e74f14c65600b1b,3,1,,"1,2,13",1,5,6,,artist,2,5,5,"1,2,4,8",,3,2,3,2,4,2,2,4,1,2,3,6,6,6,6,6,6,5,5,6,2,2,4,7,6,6,I did not find any words or sentences difficult to understand,2,I did not especially like any of the words or sentences,6,6,1,1,,1,,"no, thank you",,,,16,27,18,18,8,8,10,7,60,0,,WATCHA,8
30/09/2022 19:18,30/09/2022 19:47,0,100,1750,1,30/09/2022 19:47,R_2q7tfBztYlejaLG,,,,,51.5888,-0.0247,anonymous,EN-GB,45,60d60ba4fd799e149121b85b,3,1,,"1,2,3,6,8,10,13",1,4,6,,Administrative assistant,2,3,4,"2,4,5,7",,4,2,3,3,1,4,1,3,3,1,1,4,4,4,4,4,5,6,7,4,2,3,4,7,6,7,N/A,2,Nothing that I liked in particular. ,6,5,5,1,,1,,No.,,,,17,28,12,13,9,3,7,10,51,0,,WATCHC,3
30/09/2022 17:59,30/09/2022 18:28,0,100,1752,1,30/09/2022 18:28,R_3Dd4xWYEjZTItAB,,,,,53.4142,-2.228,anonymous,EN-GB,45,5f2fd7c665964e3cee79553b,3,1,,"1,2",1,4,6,,Data Analyst,1,2,4,"1,4,10",Comedy,3,2,3,1,4,4,2,4,1,2,1,2,3,2,6,7,6,3,6,5,2,2,5,6,4,1,"Particularly near the beginning of the clip, one sentence felt unrelated to the following one so it was difficult to understand what was going on. It felt that some phrases were used in a literal sense when they were meant figuratively which wouldn't apply to another language (such as in the UK we mights say ""the hair of the dog"" to imply having a drink the next day with a hangover - but if this was translated directly to another language it wouldn't make sense).
A lot of times he was used in place of she so it was difficult to work out who was being talked about. ",2,I laughed when the guy deciding what to say on his date said he couldn't imagine it because the other guy was too ugly.,5,5,3,1,,1,,I want to know what happened to the guy under the car!,3,3,2,14,18,7,19,9,9,6,8,49,7,,WATCHB,9
01/10/2022 13:37,01/10/2022 14:06,0,100,1753,1,01/10/2022 14:06,R_ByK7puXOBuzShGh,,,,,53.4467,-2.225,anonymous,EN-GB,45,60fd0b0da3a0f5c60455823e,2,1,,"1,2,3",1,2,,,,1,4,5,"1,2,4,5,6,7,8",,3,2,3,3,4,2,2,4,1,2,3,3,6,6,7,4,6,6,6,2,4,1,6,6,5,3,pronouns were sometimes wrong which confused me a little. Also couldn't read the subtitles quick enough sometimes,4,recognised some spanish words,6,6,4,1,,1,,no,1,4,2,14,24,15,17,11,8,9,10,57,6,,WATCHB,8
30/09/2022 19:19,30/09/2022 19:48,0,100,1756,1,30/09/2022 19:48,R_28IgtBb8eRJIukA,,,,,53.2402,-2.9088,anonymous,EN-GB,45,5f84e472052cf81ae5752252,2,1,,"1,3,13",1,6,6,,Psychotherapist,2,4,5,4,,3,2,3,2,4,4,1,3,1,2,3,3,5,5,3,3,3,3,2,4,3,2,4,5,3,3,Some confusion with pronouns where he/she were mixed up,1,n/a,3,3,1,1,,1,,no thank you,3,2,2,9,15,13,9,9,7,9,4,40,6,,WATCHB,7
01/10/2022 14:12,01/10/2022 14:42,0,100,1762,1,01/10/2022 14:42,R_2y29ArFw9XqezZU,,,,,53.1966,-1.4212,anonymous,EN-GB,45,62fbcfd065381d1d543a1849,2,1,,"1,2,8,10,13",1,5,6,,,1,2,3,"1,3,5,8",,4,1,2,2,1,3,1,1,3,1,3,2,2,1,1,1,2,2,2,4,4,2,5,2,5,4,N/A,4,N/A,2,4,3,1,,1,,No,,,,8,17,5,4,11,1,5,7,28,0,,WATCHC,1
30/09/2022 18:08,30/09/2022 18:37,0,100,1771,1,30/09/2022 18:37,R_sbVszeI0dFtxcml,,,,,51.5512,0.7034,anonymous,EN-GB,45,598caf6833481c000164d13d,3,1,,"1,2,13",1,3,6,,Not applicable,1,2,4,"1,2,4,7",,3,2,3,1,4,4,2,1,1,2,3,5,6,6,6,7,7,6,6,6,5,2,5,7,7,7,I didnt have any trouble understanding,7,I dont have any sentences that I especially liked.,6,6,3,1,,1,,,,,,18,34,17,20,12,9,6,9,67,0,,WATCHC,9
30/09/2022 19:18,30/09/2022 19:48,0,100,1773,1,30/09/2022 19:48,R_spo8tyy3BVkb63D,,,,,51.4469,0.0509,anonymous,EN-GB,45,59dd4d2b0fb3a90001bd91f8,3,1,,"1,2,3,5,13",1,2,,,,1,2,1,"1,2,3,5,7",,4,2,4,1,4,4,2,4,1,2,3,1,1,1,6,6,6,4,4,5,2,1,6,5,2,1,"Using He instead of she
I think some words did not translate correctly in context",4,none,2,5,2,1,,1,,No,2,2,2,13,14,3,18,9,9,3,7,43,5,,WATCHB,9
01/10/2022 13:54,01/10/2022 14:23,0,100,1774,1,01/10/2022 14:23,R_3fDAEIpwwpiOmSG,,,,,53.3992,-2.7047,anonymous,EN-GB,45,612aec9a4f35ebef2215b062,2,1,,"1,2,3,4,6,8,11,12",2,2,,,,1,4,5,"1,2,4",,3,2,3,1,2,4,2,4,1,2,3,3,3,4,6,5,6,5,5,5,3,2,5,7,7,7,There were no difficult words,4,there weren't any words that stood out to me,7,6,5,1,,1,,,,,,15,32,10,17,10,9,9,11,52,0,,WATCHC,9
30/09/2022 19:18,30/09/2022 19:48,0,100,1778,1,30/09/2022 19:48,R_1dpkfm1XeYTorJx,,,,,52.9707,-1.093,anonymous,EN-GB,45,5d06743eac143b000118ce79,3,1,,"1,2,3,5,6,10,13",1,2,,,,2,3,5,"1,2,3,4,6,8,9",,4,2,3,1,2,4,2,4,1,2,3,7,6,7,7,7,7,7,7,7,7,4,7,7,7,7,,4,the humor in the scenes with augustine,7,7,7,1,,1,,,,,,21,32,20,21,18,9,8,14,80,0,,WATCHA,9
01/10/2022 14:22,01/10/2022 14:51,0,100,1783,1,01/10/2022 14:51,R_DtWToHvDlWGD9a9,,,,,51.5131,-3.1588,anonymous,EN-GB,45,627ea6ece1432aa7127b01fa,3,1,,"1,2,3,13",1,4,6,,,2,1,3,"1,2,4,5,8",,3,2,3,2,4,4,1,4,1,2,3,2,4,4,5,6,6,5,4,5,5,2,6,5,2,4,There were discrepancies when Augustine was talking to Mr Nelson about Andrea the subtitles were saying ‘he’ rather than ‘she’ it did make things a little bit hard to understand ,4,"Mi amor, god willing, that Monica’s husband was prepared to sacrifice his relationship with her for her to go and have a baby with someone else",3,5,4,2,,1,,No other comments ,3,3,2,14,18,10,17,13,8,4,9,54,7,,WATCHB,8
30/09/2022 19:18,30/09/2022 19:48,0,100,1785,1,30/09/2022 19:48,R_2AHjXSW1EwR92r4,,,,,55.8119,-4.2573,anonymous,EN-GB,45,5d52e15363bdb100010883f1,5,1,,13,2,3,6,,retired,2,1,2,"4,6,7",,1,2,3,2,4,4,2,4,3,2,3,3,3,3,6,6,6,5,5,5,2,1,5,4,3,4,hijiste,4,Dejame pasa,3,5,1,1,,1,,no,2,2,3,15,18,9,18,8,8,3,6,50,6,,WATCHB,8
30/09/2022 19:19,30/09/2022 19:48,0,100,1785,1,30/09/2022 19:48,R_1gGvz0tJuoW3Dwh,,,,,53.3633,-2.8427,anonymous,EN-GB,45,62eaa0c33967e8f35b3fb4ac,2,1,,"1,2,3,8,10,13",2,2,6,,Administrator,2,2,2,"2,3,4,6",,4,2,1,3,2,3,1,4,1,2,1,2,2,3,6,5,6,5,6,3,5,2,5,7,6,6,Nothing was hard to understand but the way the scenes changed it was hard to keep up with what was going on all the time.,4,Nothing particularly stands out to me,6,3,2,1,,1,,n/a,,,,14,29,7,17,12,4,4,5,50,0,,WATCHA,4
30/09/2022 19:18,30/09/2022 19:48,0,100,1791,1,30/09/2022 19:48,R_STrI0ftLTkdUDxn,,,,,53.5866,-2.4354,anonymous,EN-GB,45,60faee14aa7e0ccdf1e145aa,3,1,,"1,3,13",1,3,,,,2,4,5,"1,2,3,7,9",,3,2,3,1,4,4,1,4,2,2,3,3,3,3,5,5,5,4,4,5,5,5,5,6,6,6,,5,The funny conversations between agustin and Mr Nelson,6,6,6,1,,1,,,,,,13,29,9,15,15,8,9,12,52,0,,WATCHC,8
01/10/2022 14:19,01/10/2022 14:49,0,100,1796,1,01/10/2022 14:49,R_6DRvBBjaIXCzRUR,,,,,53.3793,-1.4602,anonymous,EN-GB,45,62aa11e38f2e5735ff291c2b,3,1,,"1,2,3,10",2,3,6,,Management ,2,3,4,"1,2,9",,4,2,4,2,2,4,2,4,3,2,3,5,5,6,6,6,5,6,7,6,6,5,7,6,6,5,Sometimes the word 'him' was used instead of 'she' or 'you.',6,You are ugly.,6,7,6,2,,1,,This looks like a good programme  ,3,4,2,19,29,16,17,18,6,7,13,70,8,,WATCHB,6
30/09/2022 19:31,30/09/2022 20:01,0,100,1797,1,30/09/2022 20:01,R_3JEL9Z9RvlfXmDV,,,,,51.4528,-0.109,anonymous,EN-GB,45,62d70d1f219a25bcf1db0bfa,2,1,,1,2,3,6,,Technician ,1,5,5,"2,3,4,5",,2,2,3,4,2,2,2,4,1,2,3,6,6,6,4,5,6,2,4,5,5,4,6,6,2,6,N/A,6,"""You are pregnant"" At the end, was quite emotional ",3,5,2,1,,1,,"Just to let you know, the video on the server page does not work, I tried on chrome twice & could not get it to load, however I did manage to get the video working using a pop out function. Thus I was able to watch the whole 20 mins of the show. ",2,2,2,11,23,18,15,15,7,10,7,59,5,,WATCHB,7
30/09/2022 14:55,30/09/2022 15:25,0,100,1800,1,30/09/2022 15:25,R_3EmnXpv3xAJZw2b,,,,,53.4507,-2.3186,anonymous,EN-GB,45,598741efb24ef30001419cf9,3,1,,"1,2,5,10,13",1,4,6,,rgn,1,5,3,"1,2,5,6,7,8",,3,2,3,2,4,4,2,4,1,2,3,3,3,3,5,6,4,5,6,4,5,3,5,5,3,3,they seemed to refer to people in the third person,4,na,3,4,3,1,,1,,no,3,2,2,15,18,9,15,13,9,8,7,52,6,,WATCHB,9
30/09/2022 17:56,30/09/2022 18:26,0,100,1804,1,30/09/2022 18:26,R_qEOk35QwxWERCFz,,,,,50.7988,-1.0944,anonymous,EN-GB,45,62b2d042ae6609abd802aa95,3,1,,1,1,5,,,,1,4,5,"1,2,4,5",,2,2,3,1,4,2,2,4,1,2,3,3,5,4,6,5,6,5,5,4,4,5,5,7,7,6,n/a,6,"the language used by the assistant sending messages to andrea for his boss, also when monika said she was hurt to her soul.",7,6,6,1,,1,,enjoyable study,,,,14,33,12,17,14,9,9,12,57,0,,WATCHA,9
30/09/2022 19:19,30/09/2022 19:49,0,100,1814,1,30/09/2022 19:49,R_1JX9ockpWio9ZVy,,,,,51.167,0.2383,anonymous,EN-GB,45,5f1833a16e55c522eeaf4dbe,4,1,,"1,2,13",1,7,6,,,1,2,2,"1,2,6",,3,2,3,4,3,3,1,4,3,3,3,3,5,3,2,3,3,5,3,2,4,2,5,7,6,7,no,3,no,6,2,1,1,,1,,no thanks,,,,10,29,11,8,11,4,4,3,40,0,,WATCHA,4
01/10/2022 14:20,01/10/2022 14:50,0,100,1836,1,01/10/2022 14:50,R_1Z9tziNOYc7UtMZ,,,,,52.6042,-2.4912,anonymous,EN-GB,45,62e9a0037f25630a0325119e,3,1,,"1,2,13",1,5,4,,,2,2,4,"1,2,5",,3,2,3,1,4,4,2,4,1,2,3,3,5,3,6,6,6,6,6,7,4,4,5,7,6,6,I don't remember finding any difficult to understand.,6,"When the subtitles matched up with words I recognised, such as 'camino' in a phrase about the baby being 'on the way', and 'famiglia' (or 'familia'?) for family. I enjoyed listening to the sound of the language, even though I didn't understand it.",7,6,5,1,,1,,I wanted to watch the next episode when it finished!,,,,19,32,11,18,13,10,6,11,61,0,,WATCHA,10
01/10/2022 14:11,01/10/2022 14:42,0,100,1848,1,01/10/2022 14:42,R_1Qn4409ROR1EBRO,,,,,55.867,-4.3056,anonymous,EN-GB,45,5e5d9d83838bf30bd2a383b9,2,1,,"2,3",1,3,6,,actor,1,3,5,"1,5,8",,2,2,3,1,4,4,1,4,2,2,3,3,3,3,6,6,6,6,3,4,4,2,6,7,6,6,none,4,happy with it all,7,7,6,1,,1,,The clip was fast paced but I enjoyed it,,,,13,30,9,18,12,8,8,13,52,0,,WATCHA,8
30/09/2022 17:52,30/09/2022 18:23,0,100,1875,1,30/09/2022 18:23,R_32V2t1iAcpboXJy,,,,,51.4638,0.1434,anonymous,EN-GB,45,5f7ca9b13e20031150440b98,4,1,,"1,2,13",2,4,6,,IT Service Delivery Manager,1,3,4,"1,2",,3,2,3,2,2,4,2,1,2,2,3,4,4,5,6,6,5,5,6,5,5,4,5,3,4,3,"""...ugly with a capital...""",4,N/A,4,5,3,1,,1,,I would have preferred the subtitles with white text on a black background,3,3,3,16,18,13,17,14,6,7,8,60,8,,WATCHB,6
30/09/2022 19:20,30/09/2022 19:51,0,100,1885,1,30/09/2022 19:51,R_30tTTrAI6sQLVvy,,,,,52.4391,-1.5039,anonymous,EN-GB,45,5b421b9ac2e3810001763252,2,1,,"1,2,13",1,4,6,,retail,2,2,4,"1,2,5,8",,3,2,3,2,2,4,2,4,3,2,1,3,5,5,7,6,6,6,6,2,6,5,6,6,6,6,n/a,4,no words really stood out as special in terms of an natural conversation.,6,6,6,4,Laptop,1,,"The soap was generally easy to follow, and reminded me of an english soap but in spanish.",3,5,3,14,28,13,19,17,6,6,12,63,10,,WATCHB,6
01/10/2022 14:07,01/10/2022 14:39,0,100,1887,1,01/10/2022 14:39,R_27CJP9Id3Z71zU3,,,,,51.6539,-0.0888,anonymous,EN-GB,45,62ebd10a63cc78df8a0973ff,2,1,,"1,2,13",2,5,6,,Catastrophe Risk Analyst,2,2,5,"1,2,6,7",,3,2,4,1,4,4,1,4,4,2,1,6,6,5,5,5,6,5,5,5,5,4,5,6,6,6,I can't recall any sentences that were hard to understand,5,"Two characters greeted each other with 'Buenos Noches' which translated to goodnight which I thought was a little funny as in English, this is a typically said as a goodbye.",6,5,4,1,,1,,Surprisingly engaging story. ,,,,15,29,17,16,14,6,7,9,62,0,,WATCHA,6
01/10/2022 14:19,01/10/2022 14:51,0,100,1906,1,01/10/2022 14:51,R_3k5SuMOvjKAeOnO,,,,,54.5248,-1.2447,anonymous,EN-GB,45,595fdc1eb69238000141784e,3,1,,"2,13",1,4,,,,1,2,3,"1,5,8",,2,2,3,1,4,4,2,4,2,2,3,3,4,3,4,5,5,4,5,4,3,4,4,7,6,6,None specifically,4,None specifically,6,5,3,3,,1,,No,,,,13,29,10,14,11,9,5,8,48,0,,WATCHC,9
30/09/2022 17:48,30/09/2022 18:20,0,100,1912,1,30/09/2022 18:20,R_2qdS6xyKjoARUFh,,,,,52.4145,-1.7841,anonymous,EN-GB,45,5dac2415bb24a50017217397,3,1,,"1,2,3,13",1,4,6,,Primary Teacher,3,2,4,"1,2,5,7,8",,3,2,3,4,4,4,1,4,4,2,3,4,5,5,6,5,6,5,6,5,5,5,5,6,6,6,n/a,3,n/a,6,6,4,1,,1,,no,,,,16,27,14,17,15,7,6,10,62,0,,WATCHC,7
30/09/2022 17:45,30/09/2022 18:17,0,100,1915,1,30/09/2022 18:17,R_1gIsJy15ZZyI5Kv,,,,,56.0474,-4.9039,anonymous,EN-GB,45,6141f7a099e55e62d025435e,3,1,,"1,2,3,4,13",1,4,,,,2,2,3,"1,2,4,5,8,10","Scifi, ",2,1,3,4,4,4,1,4,3,2,3,2,2,2,2,2,3,3,5,1,4,2,2,6,5,2,"At one point it seemed to wander into references about food, when the men were discussing a relationship - was this metaphorical or a strange translation?",4,no,5,4,1,1,,1,,no,3,4,3,9,22,6,7,8,6,5,5,30,9,,WATCHB,6
30/09/2022 19:18,30/09/2022 19:50,0,100,1918,1,30/09/2022 19:50,R_3JX86GrXr1Oo1VL,,,,,53.5039,-2.1959,anonymous,EN-GB,45,5ca5fb084f3e9d0015440d1d,3,1,,"1,2,13",1,4,6,,Research Assistant Life Sciences,2,2,3,"1,2,5",,3,2,3,1,2,4,2,4,1,2,3,4,3,3,5,5,5,5,5,6,5,3,5,6,6,3,They were easy to understand except when referring to names of characters who were not at that time in the scene. It was hard to keep up with who was who.,5,When Mr Andrea was imagining his date was funny and entertaining.,6,5,5,1,,1,,No,,,,16,26,10,15,13,9,5,10,54,0,,WATCHC,9
30/09/2022 19:18,30/09/2022 19:50,0,100,1919,1,30/09/2022 19:50,R_1f6CwCoZTF2vA1h,,,,,52.2536,-1.382,anonymous,EN-GB,45,5d6efaf57e41e600016209b4,2,1,,"1,2,3,10,13",2,4,6,,Police liaison officer,3,2,2,"1,2",,3,2,3,1,2,4,2,4,2,2,3,3,3,5,6,6,6,5,6,3,5,5,5,6,6,6,N/A,5,"I liked when I was able to follow along because the words were similar to their English equivalent (like ""coffee"" or ""tea"", and I also liked being introduced to new words like ""honey"".",7,6,5,1,,1,,The only part of the story I found hard to follow was the situation with Gina/Pedro/Elena/Ernesto,,,,14,30,11,18,15,8,4,11,58,0,,WATCHA,8
30/09/2022 19:20,30/09/2022 19:52,0,100,1921,1,30/09/2022 19:52,R_2fDIBlGjp8ht7JZ,,,,,51.5026,-0.066,anonymous,EN-GB,45,6310f49ca68e1352ab47efd9,2,1,,"1,2,13",2,2,,,,1,2,2,"2,4,5,10",Fantasy,3,2,3,1,4,4,2,4,1,2,3,5,5,5,2,2,3,2,2,3,3,1,5,6,6,7,"Nothing to add, I understood it all",1,There was nothing i particularly liked,4,1,1,1,,1,,No,,,,7,24,15,7,9,10,4,2,38,0,,WATCHC,10
30/09/2022 19:21,30/09/2022 19:54,0,100,1921,1,30/09/2022 19:54,R_XYdmUX7GXg1l9Sx,,,,,53.4113,-2.9759,anonymous,EN-GB,45,5ed12660a41e2603213e1f87,3,1,,"1,2,3,10,13",2,2,6,,,1,2,3,"4,10",sci-fi,3,1,2,2,4,4,2,3,2,2,3,2,1,2,3,3,2,3,1,2,3,1,4,3,2,6,,2,there are no specific ones,2,2,1,1,,1,,,3,2,3,6,15,5,8,8,5,5,3,27,7,,WATCHB,5
30/09/2022 15:29,30/09/2022 16:01,0,100,1924,1,30/09/2022 16:01,R_1ITx6Nfr0U3L3ua,,,,,52.5941,-0.7748,anonymous,EN-GB,45,6156fef09d1ab07148870099,3,1,,"1,2,3,5,9,13",1,4,,,,1,2,3,8,,4,3,3,1,4,2,2,4,1,2,3,2,3,3,6,6,6,1,6,1,1,1,1,6,5,3,sometimes it refered to the women as a he and when someone was talking about the person in front of them they would say HE and not you,4,none,6,4,1,1,,2,,,3,4,3,8,24,8,18,3,8,5,5,37,9,,WATCHB,8
30/09/2022 19:18,30/09/2022 19:51,0,100,1932,1,30/09/2022 19:51,R_3M5LbSS9o6FfLau,,,,,53.4477,-1.2045,anonymous,EN-GB,45,5d7ebf9e93902b0001965912,3,1,,"1,2",2,5,6,,,2,2,4,"2,10",Anime,3,2,3,1,4,4,2,4,1,2,3,3,3,4,6,5,6,5,6,2,5,4,6,6,6,6,none,6,Conversion regarding setting up the date had some humorous moments,6,6,3,1,,1,,n/a,,,,13,30,10,17,15,10,6,9,55,0,,WATCHA,10
30/09/2022 19:19,30/09/2022 19:51,0,100,1942,1,30/09/2022 19:51,R_es6THJxgUsZMUbD,,,,,51.5242,-0.3976,anonymous,EN-GB,45,5d6bfd6f3a9682001bd62534,3,1,,"1,2,13",1,4,6,,primary teacher,1,2,3,1,,3,2,2,1,2,3,1,3,2,2,3,3,3,4,3,2,4,3,6,3,5,4,6,5,3,4,nor sure,3,none,4,4,3,1,,1,,no thank you,2,3,2,12,19,10,9,15,4,5,7,46,6,,WATCHB,4
30/09/2022 19:18,30/09/2022 19:51,0,100,1943,1,30/09/2022 19:51,R_2U5Z5ce4V2hkf3b,,,,,51.7219,0.4811,anonymous,EN-GB,45,575b2b408b705300078ae5e6,2,1,,"1,13",1,2,6,,HR manager,2,2,4,"1,2,4,5,7",,2,2,3,2,4,2,2,4,1,2,4,2,3,2,3,3,3,3,5,3,3,2,5,3,2,2,"The subtitles kept saying ""his"" or ""him"" when they were actually talking about a woman. ",3,There were not any words or sentences that I specially liked. ,2,5,2,1,,1,,no,3,2,2,11,12,7,9,10,7,6,7,37,6,,WATCHB,7
30/09/2022 17:53,30/09/2022 18:26,0,100,1982,1,30/09/2022 18:26,R_1BPjweIR7GdYLI4,,,,,51.9367,-0.51,anonymous,EN-GB,45,5d341b57a48ae7000114152a,2,1,,"1,2,13",1,7,6,,Scientist,1,2,3,"1,2,4,5",,3,2,3,1,2,4,2,4,1,2,3,6,5,6,6,5,5,4,5,2,4,2,3,6,7,7,N/a,4,N/a,6,4,1,1,,1,,N/a,,,,11,30,17,16,9,9,5,5,53,0,,WATCHC,9
30/09/2022 19:19,30/09/2022 19:52,0,100,1982,1,30/09/2022 19:52,R_2S8GmyCCaRMV0ly,,,,,53.4994,-2.2433,anonymous,EN-GB,45,6303809730ba6f53288a4f85,3,1,,"1,2,3,8,10,13",1,5,6,,pharmacist,1,5,5,"1,2,3,4,5",,4,2,3,2,2,3,2,4,1,2,3,3,6,7,7,7,7,6,7,7,6,5,7,7,6,7,not applicable,4,not applicable,7,6,5,1,,1,,it was like watching Neighbours but in a different language,,,,20,31,16,21,18,7,10,11,75,0,,WATCHA,7
30/09/2022 14:55,30/09/2022 15:29,0,100,2014,1,30/09/2022 15:29,R_1osQR96kx4lVL5L,,,,,50.8032,-2.8537,anonymous,EN-GB,45,61582df626e9a020f1e55bc1,3,1,,"1,2,3,13",1,4,6,,Design,1,4,5,"1,3,4,5",,4,2,3,3,2,4,2,4,2,2,3,3,3,2,6,6,7,6,7,6,6,5,5,7,7,6,"Watching this I realised I understood more Spanish than I thought. 
I didn't have trouble reading the subtitles but it all moved quite quickly which made it hard to keep up without knowing any background history of the characters. ",4,"I liked the ones I could understand like Gracious, seniore, seniorita etc, although I don't know how to spell them! :-) ",6,7,4,1,,1,,"no, other than as I previously said about the subtitles being quite quick for someone with no background knowledge of the characters portrayed. ",,,,19,30,8,19,16,7,9,11,62,0,,WATCHC,7
30/09/2022 19:19,30/09/2022 19:53,0,100,2029,1,30/09/2022 19:53,R_2yqGHkbOi96RLnZ,,,,,52.4844,-2.0609,anonymous,EN-GB,45,5c00fefa4c14cf00019cc374,3,1,,"1,2,3",2,4,6,,Police ,2,2,2,"1,3,4",,3,2,3,2,4,4,1,4,1,2,3,3,3,5,3,3,5,5,5,5,4,3,5,7,7,7,None,4,The jokes about being ugly ,7,5,2,3,,1,,None ,,,,15,32,11,11,12,8,4,7,49,0,,WATCHC,8
30/09/2022 19:21,30/09/2022 19:55,0,99,2073,0,30/09/2022 23:21,R_2zZR9Kn5ERoEH8N,,,,,,,anonymous,EN-GB,45,629f6b8c65fcae219e245284,2,1,,"1,2,3,11,13",2,2,,,,2,4,5,"1,2,4",,3,2,3,2,4,4,2,4,4,2,1,2,5,4,5,6,5,5,6,7,2,2,5,7,6,7,I didn't find anything difficult to understand.,4,Nothing really stood out except for the time that Mr. Nelson called the other guy ugly which surprised me was it was said so casually.,7,5,1,1,,1,,Thank you!,,,,18,31,11,16,9,7,9,6,54,0,,WATCHC,7
30/09/2022 19:21,30/09/2022 19:56,0,100,2085,1,30/09/2022 19:56,R_3EWIC6eQpnAX78p,,,,,53.8466,-1.8416,anonymous,EN-GB,45,629ee9680199e14b1bfafaf3,3,1,,13,2,4,6,,Self Employed Trader in Vintage and Collectable Items,2,2,4,"1,2,4,5,6,7",,1,2,3,4,4,2,2,4,3,2,3,2,4,3,4,5,6,7,6,7,5,5,6,6,6,4,I cannot think of any specific ones,5,I can't think of the specific words or sentences but there were many from the male actors in particular which seemed to be from a decade or three or four back in time. ,4,7,4,1,,1,,"It was interesting to see thanks, and I hope my feedback is useful!",,,,20,25,9,15,16,7,6,11,60,0,,WATCHC,7
30/09/2022 19:18,30/09/2022 19:53,0,99,2099,0,30/09/2022 23:18,R_30cbxTHNIvqsRA9,,,,,,,anonymous,EN-GB,45,5a771465eea3d300016de2e1,3,1,,"1,2,8,13",1,4,,,,2,4,3,"1,2,4,7",,3,2,3,1,4,4,2,4,1,2,3,3,5,4,6,5,6,5,6,3,4,4,6,6,5,5,n/a,4,N/a,6,6,2,1,,1,,n/a,,,,14,26,12,17,14,10,7,8,57,0,,WATCHC,10
30/09/2022 18:02,30/09/2022 18:37,0,100,2104,1,30/09/2022 18:37,R_1oiCCcZa2P3CESx,,,,,53.7687,-2.4667,anonymous,EN-GB,45,5f60fad1438cb2026e428741,4,1,,"2,10,13",1,4,,,,2,2,4,"1,2",,3,2,3,1,3,4,2,4,1,2,1,6,3,3,6,5,6,5,3,5,2,2,5,7,6,6,N/A,2,N/A,6,6,2,1,,1,,,,,,13,27,12,17,9,8,6,8,51,0,,WATCHC,8
30/09/2022 19:20,30/09/2022 19:55,0,100,2117,1,30/09/2022 19:55,R_DozfMvL3zPez0k1,,,,,52.5062,-1.9425,anonymous,EN-GB,45,631604308dac2909a887e171,2,1,,"1,2,3,6",2,5,3,,,3,5,4,"1,2,4",,3,2,4,2,4,4,2,4,1,2,3,2,2,1,3,3,5,4,5,5,5,5,6,2,3,2,Some people were referred to by two names such as Pedro and Peter,5,The text appeared to be machine translated. I found some sentences quite comedic because of the unusual word choices.,2,6,5,1,,1,,"I don't know if it was unintentional, but the clip had no sound (my computer's sound was unaffected)",1,2,1,14,14,5,11,16,8,9,11,46,3,,WATCHB,8
30/09/2022 19:19,30/09/2022 19:55,0,100,2122,1,30/09/2022 19:55,R_2QywgKgn0fkYRxa,,,,,52.0158,-0.6904,anonymous,EN-GB,45,60c48535b67b2b74eef760d0,3,1,,"1,2",2,3,6,,Technical Advisor,2,2,4,"1,2,7",,3,2,3,2,4,4,2,4,2,2,3,5,5,5,6,6,6,6,5,6,5,6,6,6,6,6,The sentences were fine.,4,The script was decent and the vocabulary was good.,6,6,4,1,,1,,"It was actually quite enjoyable, with some very good drama near the end. Very climactic.",,,,17,28,15,18,17,8,6,10,67,0,,WATCHC,8
30/09/2022 19:18,30/09/2022 19:54,0,100,2126,1,30/09/2022 19:54,R_3svqWbse2TiP3kY,,,,,50.6077,-2.4593,anonymous,EN-GB,45,60ad5e41e09138d7c9827f4e,3,1,,"1,2",1,2,,,,1,2,4,"1,2,4,5,10",horror,3,2,3,1,3,4,1,3,1,2,3,5,5,5,6,6,5,6,6,6,5,5,6,7,7,7,no words were difficult to understand,1,none I especially liked.,6,5,3,1,,1,,I don't think so thank you.,,,,18,28,15,17,16,7,6,8,66,0,,WATCHA,7
30/09/2022 19:21,30/09/2022 19:57,0,99,2133,0,30/09/2022 23:21,R_2QofQaeRqF5Assx,,,,,,,anonymous,EN-GB,45,5e1ce5942923360769c7af3a,2,1,,"1,2,13",2,4,6,,Procurement ,2,2,2,"2,5,6",,3,2,4,2,4,4,2,1,1,2,3,2,2,2,4,5,4,3,3,3,2,1,1,3,2,4,Most of them,3,Most,3,1,1,2,,1,,,,,,9,15,6,13,4,7,4,2,32,0,,WATCHC,7
30/09/2022 19:19,30/09/2022 19:54,0,100,2144,1,30/09/2022 19:54,R_V4leTmlwMmEmjO9,,,,,51.5095,-0.0955,anonymous,EN-GB,45,63174b2a153863bb5f79d8b0,2,1,,"1,2,3,9",2,3,,,,1,2,4,"2,4,5,6",,4,2,3,4,4,4,2,4,3,2,3,2,5,3,5,6,5,5,5,5,4,5,6,7,6,2,"Sometimes the subtitles seemed to rush off the screen before I had finished reading them, Such as when he has just found out that his girlfriend is pregnant and at other times it seemed almost to much to read before the next subtitle was beginning. ",6,"The subtitles at the start where he is talking about the date he has just arranged, The text was clear and made a lot of sense and was worded in a way which made it quite easy to read and follow along.",6,6,5,1,,1,,The story seemed to jump in quite quickly and it was hard to follow the names of each character.,,,,15,27,10,16,15,8,6,11,56,0,,WATCHC,8
30/09/2022 17:55,30/09/2022 18:32,0,100,2209,1,30/09/2022 18:32,R_22PTjuIgSuOBk7X,,,,,51.6019,-3.4311,anonymous,EN-GB,45,606b10aae68df3560d9843ef,3,1,,"1,2,3,9,13",1,3,6,,student,1,3,4,"1,2,5,8,10",Historical programmes,3,2,3,1,4,2,2,4,1,2,3,3,3,3,6,6,5,5,5,4,4,5,6,7,7,7,They were all easy to understand,4,I'm not sure. I liked Domingo.,7,6,7,1,,1,,I might watch this on youtube!! ,,,,14,32,9,17,15,9,7,13,55,0,,WATCHA,9
30/09/2022 19:23,30/09/2022 20:00,0,100,2239,1,30/09/2022 20:00,R_The1BIruGzSr47n,,,,,53.4346,-2.9089,anonymous,EN-GB,45,61037333eaacd23a3460ffc2,3,1,,"1,2,3,6,8,10,13",2,3,6,,N/A,1,3,3,"1,2,4,5,6",,4,2,3,1,2,4,2,4,1,2,3,3,4,3,5,3,3,5,4,5,2,2,5,6,7,7,N/A,4,"I was concentrating on trying to keep up with what was going on to recall exact sentences, as i expected to be quizzed on story plots.",6,5,4,1,,1,,"It's not something i would usually watch, but I thought it was interesting in the sense it gave me some insight into another countries soap and its quality. ",,,,14,30,10,11,9,9,6,9,44,0,,WATCHC,9
30/09/2022 19:21,30/09/2022 19:58,0,100,2261,1,30/09/2022 19:58,R_2Yig94H8d3DRWIN,,,,,52.0618,1.156,anonymous,EN-GB,45,5ee0edcb962eba464f486b40,4,1,,"10,13",2,3,6,,Management consultancy,1,2,4,"2,5,7",,3,2,3,2,2,4,2,1,1,2,1,2,3,2,6,7,6,5,6,2,3,2,4,5,4,3,I was confused with the use of 'he' when seemingly the subject was a woman from what I could work out,4,"If I had to comment then maybe short, succinct sentences that were easy to follow",3,3,4,1,,1,,For me it was a confusing mix of relationships and difficult to figure out how they all interlinked.,2,3,2,13,19,7,19,9,6,6,7,48,6,,WATCHB,6
30/09/2022 19:19,30/09/2022 19:58,0,100,2299,1,30/09/2022 19:58,R_1qWk9UbgFKdunBq,,,,,56.1089,-3.2563,anonymous,EN-GB,45,5f480ae988eb7429641eae29,2,1,,"1,2,6,8",2,5,6,,Lawyer,2,3,3,"2,6",,3,2,3,4,2,4,2,3,1,2,3,2,5,1,2,3,3,3,5,5,5,5,7,7,7,7,N/A,4,N/A,7,5,4,3,,1,,N/A,,,,13,32,8,8,17,7,6,9,46,0,,WATCHC,7
30/09/2022 19:18,30/09/2022 19:57,0,100,2301,1,30/09/2022 19:57,R_2YJ9Ts77mzeBUgU,,,,,51.5591,-0.2283,anonymous,EN-GB,45,596e1edd39e9d00001b7bb98,3,1,,"1,2,3",2,3,6,,Manager,1,2,3,"4,7,10",Scifi,3,2,3,1,2,4,2,4,1,2,3,6,6,5,6,6,6,6,6,6,4,2,4,7,6,6,N/A,2,N/A,7,6,4,1,,1,,Need to see what happens now :D,,,,18,28,17,18,10,9,5,10,63,0,,WATCHA,9
30/09/2022 18:08,30/09/2022 18:46,0,100,2305,1,30/09/2022 18:46,R_swbYCS7cMhqwvqV,,,,,53.5051,-2.1619,anonymous,EN-GB,45,5f4cc54c57230502cd1ec6a5,3,1,,"2,13",2,3,,,,1,4,3,"1,2,3,4,5",,1,2,4,1,2,4,2,3,2,2,3,3,6,6,6,7,7,6,6,6,6,5,5,6,3,3,The scenes with Mr Nelson being set up on a date; using 'him' instead of 'her'; and other scenes using 'him' instead of 'your'.,6,Sorry. Cannot recall. I knew I should have written them down!,3,6,4,1,,1,,No.,2,2,3,18,21,15,20,16,6,7,10,69,6,,WATCHB,6
30/09/2022 19:18,30/09/2022 19:57,0,100,2319,1,30/09/2022 19:57,R_PHXwHXsbG1J82xb,,,,,51.4528,-0.109,anonymous,EN-GB,45,631610af8e747093cd90e00d,3,1,,"1,2",1,2,6,,freelancer,3,4,4,"1,2,3,4",,3,2,3,1,4,4,1,3,1,2,3,5,5,6,5,6,4,5,5,5,5,4,6,6,6,7,Nothing in particular,4,No specific lines got stuck in my head,6,5,5,1,,1,,It was interesting to watch a Spanish language soap opera,,,,15,29,16,15,15,8,8,10,61,0,,WATCHA,8
30/09/2022 19:26,30/09/2022 20:05,0,100,2338,1,30/09/2022 20:05,R_1MnnT1oAtSwUkXD,,,,,53.7911,-2.2107,anonymous,EN-GB,45,6053e01a6a8e8516ba7d47a7,4,1,,"1,13",2,4,6,,Legal profession,2,2,4,"2,4,5,6,7",,2,2,3,2,4,4,4,4,2,2,3,2,5,5,6,7,7,7,6,6,6,5,7,6,7,7,"There was a long Spanish word starting with the letter ""S"" that was not translated and might have been a type of food.",6,"Where, in the office scene, a man referred to the other as ""ugly"" and that was why he was unable to come-up with romantic words- that was amusing. The doctors scene and the excuses made by the patient as to why he was having problems following the doctors advice. The words used in the office scene when a character said he would take the date to a cheap restaurant and his words when his friend said it needed to be an expensive one.",6,5,5,1,,1,,I liked it overall- but at times it was rather hard to figure out how some characters related to others. There was a lot to take-in over quite a short time frame.,,,,19,32,12,20,18,7,6,10,69,0,,WATCHA,7
30/09/2022 19:19,30/09/2022 19:58,0,100,2339,1,30/09/2022 19:58,R_2t37N3QrVvk0Gb7,,,,,50.7654,-1.9063,anonymous,EN-GB,45,5f75d01a857e4e27a575f7ca,3,1,,"1,2",1,3,,,,1,4,4,"1,2",,3,2,3,2,4,4,2,4,2,2,3,4,4,3,3,3,3,4,5,6,3,3,3,6,4,6,,4,There weren't any words or sentences that were especially memorable.,5,3,3,1,,1,,,,,,15,25,11,9,9,8,8,6,44,0,,WATCHA,8
30/09/2022 19:38,30/09/2022 20:18,0,100,2409,1,30/09/2022 20:18,R_2cbb2a7c2A9incZ,,,,,52.2242,0.1315,anonymous,EN-GB,45,5f7a4d05a8da636ab1802596,4,1,,"2,13",2,7,6,,Software Test Engineer,2,4,5,"1,5,7",,3,2,3,1,4,4,2,4,1,2,3,3,5,3,6,5,6,3,3,5,4,3,6,6,5,4,"What is ""Pierangelo""? A proper name, or something like Chez Angelo (""at Angelo's"") in French? I found that very confusing. Some of the idioms were translated a bit too literally as well (""that love story is impossible""), but not so badly that I couldn't understand them.",5,"It was amusing to know that Mexican spanish has an equivalent of ""off piste"" - a bit odd for a country with no snow!",6,5,2,1,,1,,Some forewarning about using Javascript from another website would have been useful - I had to redo the first part of the survey after having to reload the page with the Youtube clip.,3,4,3,11,26,11,17,13,10,9,7,52,9,,WATCHB,10
30/09/2022 19:18,30/09/2022 19:59,0,100,2432,1,30/09/2022 19:59,R_2c1T8vFY8nvyUZu,,,,,53.45,-2.7833,anonymous,EN-GB,45,5ef647ec3ce68a1178780f5a,3,1,,"1,2,8,13",1,2,,,,2,2,2,"1,2,9",,3,2,3,1,2,4,2,4,1,2,3,3,3,5,5,5,6,5,5,6,5,4,5,6,4,3,"Pronouns were wrong, his instead of hers",5,"When Mr Nelson tried to think of romantic things to say to Andrea on the date, I found this to be funny",3,6,5,1,,1,,None,3,2,2,16,21,11,16,14,9,4,11,57,6,,WATCHB,9
30/09/2022 19:19,30/09/2022 19:59,0,100,2436,1,30/09/2022 19:59,R_UrsQO6MQOHy6fC1,,,,,50.368,-4.1329,anonymous,EN-GB,45,59a734ce0c87a000017481ed,2,1,,"1,2,3,13",1,3,6,,animal care,2,2,2,"1,2,3,4,5,6,9",,3,2,4,1,2,2,2,4,1,2,3,2,3,3,3,3,4,2,1,3,3,2,6,3,2,3,Some of the subtitles didn't make sense in english translation.,4,None in particular,3,5,3,1,,1,,n/a,2,2,2,6,15,8,10,11,7,4,8,35,5,,WATCHB,7
30/09/2022 19:19,30/09/2022 19:59,0,100,2445,1,30/09/2022 19:59,R_3QVP8wGQGi18ke8,,,,,51.4128,0.1195,anonymous,EN-GB,45,5e380457679e67000c56b02f,3,1,,"1,2,13",2,4,,,,1,3,5,"1,2,4",,2,2,4,1,4,4,1,4,2,2,2,3,3,3,3,3,5,5,6,5,5,5,6,3,2,2,"During the scenes with the younger man (son?) setting up the date, sometimes the pronouns were mixed up. Mrs Andrea was referred to as he multiple times.
Pedro was referred to as Pedro and then it switched to Peter. That whole scene was very hard to follow, but maybe it required background knowledge of the characters.
Some turns of phrase sounded unnatural, like they were expressions in Spanish but sounded odd when directly translated (I've forgotten examples though).",4,"I can't remember any words or phrases that I really like.
I did enjoy the scenes with the older husband and the younger wife who wanted to have a child and how that storyline developed.",2,6,1,1,,1,,not really,2,2,2,16,13,9,11,16,6,8,7,52,5,,WATCHB,6
30/09/2022 19:22,30/09/2022 20:06,0,100,2619,1,30/09/2022 20:06,R_cTFENkQnNn0jXKF,,,,,53.2145,-0.5711,anonymous,EN-GB,45,6304ce399cd59f756062e51f,4,1,,"1,2,13",1,3,6,,,2,2,3,"1,2,4,5",,3,2,3,2,2,4,2,4,1,2,3,1,2,1,5,6,2,4,4,4,4,2,4,3,3,3,got confused on who was who and who they were talking about,4,nothing in particular,3,1,1,1,,1,,difficult to follow,2,2,3,12,16,4,13,10,8,5,2,39,6,,WATCHB,8
30/09/2022 14:44,30/09/2022 15:30,0,100,2721,1,30/09/2022 15:30,R_4UXkLCA5urdCnZv,,,,,51.0539,-0.8916,anonymous,EN-GB,45,5bc2234c8e4b150001fd9767,3,1,,"1,10,13",1,2,,,,2,2,3,"1,3,5,7,8",,2,2,3,2,4,4,1,3,1,2,3,6,5,6,5,6,5,1,1,5,2,2,5,3,2,3,the subtitles seemed to get the gender incorrect - it was initially difficult to understand if andrea was male or female and the gender interpretation seemed incorrect almost all the times it was used,2,the were no words of sentences that i specialy liked,2,5,1,1,,2,,no,1,2,2,7,12,17,16,9,7,5,6,49,4,,WATCHB,7
01/10/2022 14:28,01/10/2022 15:17,0,100,2948,1,01/10/2022 15:17,R_3kLZS8IMwOys3YM,,,,,51.5245,-0.0255,anonymous,EN-GB,45,63038193c05ba6afebd824d3,3,1,,"1,2,3,5",1,4,,,,2,3,3,"1,2,3,5,7,8",,3,2,3,2,2,2,2,4,1,2,3,3,4,4,4,3,4,5,4,2,4,2,6,6,7,7,there was not any,6,i liked when mr nelson said to the man who was pretending to be him that how can you text so good but cant get any women yourself,6,6,5,4,laptop,1,,good survey but should not be to many clips just the normal episode so u can follow it better,,,,11,32,11,11,12,7,6,11,45,0,,WATCHC,7
30/09/2022 19:19,30/09/2022 20:11,0,100,3113,1,30/09/2022 20:11,R_1FhaBb6xwhxAp9b,,,,,50.8841,0.2793,anonymous,EN-GB,45,6328ea8c44e1e6f7180facd3,2,1,,"1,2,3",2,4,6,,software developer,2,3,4,"2,5,7",,3,2,3,2,3,2,2,3,3,2,1,1,1,2,2,1,2,4,2,2,4,3,5,3,3,7,Everything was understandable to me.,4,Haven't noticed any word that impacted me either negatively or positively.,3,3,3,1,,1,,no comment,3,4,3,8,20,4,5,12,4,7,6,29,9,,WATCHB,4
30/09/2022 18:09,30/09/2022 19:22,0,100,4385,1,30/09/2022 19:22,R_1DVgj1EkbQPKnwY,,,,,52.1359,-2.2117,anonymous,EN-GB,45,61688d6c15deec9c3554760e,3,1,,"1,2",1,3,6,,project manager,2,3,3,"1,2,3,4,5",,3,2,3,2,2,4,1,4,2,2,3,3,5,4,6,6,3,6,6,4,4,2,3,7,6,6,,4,The conversation with Pedro and Gina ,6,6,6,1,,1,,no thank you,,,,16,29,12,15,9,6,6,12,52,0,,WATCHA,6
30/09/2022 14:47,30/09/2022 16:07,0,100,4801,1,30/09/2022 16:07,R_SBN7I1VqQPoKGWt,,,,,52.7719,-1.5463,anonymous,EN-GB,45,62c856da0023abc2686d446c,3,1,,"1,2,3,8,13",2,6,6,,technical college lecturer,1,5,5,"1,2,3,4",,4,2,3,1,3,4,2,4,1,2,3,3,5,3,5,5,5,5,6,3,2,3,5,7,6,6,na,4,na,6,5,3,1,,1,,na,,,,14,29,11,15,10,9,10,8,50,0,,WATCHC,9
30/09/2022 19:28,30/09/2022 21:04,0,100,5735,1,30/09/2022 21:04,R_1dyLTWxB5yZskmr,,,,,54.7699,-1.559,anonymous,EN-GB,45,5bb7b83ab791890001f4fd90,3,1,,"2,13",2,3,4,,,1,2,4,"1,2,5,6,7",,2,2,3,2,2,4,2,4,4,2,3,7,6,7,7,7,7,1,5,1,5,5,5,7,7,7,I had no issues with comprehension,4,I can't recall anything in particular,7,6,5,1,,1,,no,,,,7,32,20,21,15,7,6,11,63,0,,WATCHA,7
30/09/2022 19:20,30/09/2022 20:59,0,100,5936,1,30/09/2022 20:59,R_1QuaTeqL0vusgD6,,,,,51.5095,-0.0955,anonymous,EN-GB,45,631c9a07f4bdaf03e334e4d3,2,1,,"1,2,10,13",2,5,4,,,2,3,3,"1,2,3,4,5,6,7",,3,2,3,2,2,2,2,1,2,2,3,1,2,1,1,4,1,4,4,4,4,4,5,7,7,1,I dont remember ,4,I dont know ,5,3,2,1,,1,,Subtitles were mistimed,1,1,2,12,24,4,6,13,5,6,5,35,3,,WATCHB,5
30/09/2022 19:18,30/09/2022 20:57,0,100,5967,1,30/09/2022 20:57,R_3m2ZulJWTbIlVxM,,,,,52.5319,-1.7424,anonymous,EN-GB,45,5d2b020653a8240001152207,3,1,,"1,2,3,10,13",1,4,6,,hr,2,4,4,"1,3,4,5,7,8",,4,2,1,1,4,4,2,3,1,4,3,2,3,3,3,5,5,6,5,5,6,4,7,7,6,6,it was easy to understand. just took a while to get into the plot and remember who is who,4,none,7,5,4,1,,1,,no,,,,16,30,8,13,17,7,8,9,54,0,,WATCHC,7
30/09/2022 17:47,30/09/2022 19:30,0,100,6183,1,30/09/2022 19:30,R_2RP5lhL1gNZQD9n,,,,,52.1811,-1.7111,anonymous,EN-GB,45,5bf030e40a6c370001d6c92b,2,1,,"1,2,9,13",2,3,6,,Pub Manager,2,4,3,"1,2,4,6,8",,2,2,3,2,4,4,1,3,3,2,3,6,6,5,6,5,6,6,6,6,6,5,6,7,7,7,NA,6,I really love the words for 'I love' - 'me encanta' so I liked when Andrea said she loved the restaurant. She also seemed so happy when she said it!,7,7,6,1,,1,,NA,,,,18,34,17,17,17,6,7,13,69,0,,WATCHC,6
